Year,actual_net_revenue,budget_net_revenue,actual_profit,budget_profit,actual_marketing_spend,budget_marketing_spend,actual_units_sold,budget_units_sold,revenue_variance,profit_variance,revenue_budget_achievement,profit_budget_achievement
2023,4593306.6,4593306.6,1033484.0,1033484.0,502131.92000000004,502131.92000000004,1265124,1265124.0,0.0,0.0,1.0,1.0
2024,4840333.97,4960771.1280000005,1114353.73,1136832.4000000001,519667.19,527238.5160000001,1312628,1366333.9200000002,-120437.15800000075,-22478.67000000016,0.975722089390454,0.9802269270298769
2025,5016279.43,5227560.6876,1161127.58,1225789.1030000001,542132.9199999999,545650.5495000001,1305722,1417638.2400000002,-211281.25760000013,-64661.523000000045,0.9595832032899841,0.947249063609925
