Product_Category,order_count,units_sold,gross_sales,net_revenue,cogs,gross_profit,logistics_cost,marketing_spend,profit,contribution_profit,avg_discount_pct,revenue_share,profit_share,profit_margin,gross_margin,contribution_margin,marketing_ratio,marketing_efficiency
Beverages,4356,981268,4419617.21,3737688.56,2505214.86,1232473.7,276179.84,432092.21,524201.65,524201.65,13.02089072543618,0.25866500022145456,0.1584185994382637,0.14024754646759546,0.329742213727941,0.14024754646759546,0.11560412352815186,1.213170795187444
Household,3237,683008,3739362.54,3160720.02,1775830.31,1384889.71,232137.42,320530.71,832221.58,832221.58,13.097571825764597,0.21873616047701305,0.25150507848630177,0.2633012651338855,0.4381564014644992,0.2633012651338855,0.10141066211869029,2.596386411773149
Personal Care,3439,686448,3266698.71,2765969.05,1523818.75,1242150.3,176580.22,288589.92,776980.16,776980.16,12.820639720849083,0.1914176030040305,0.23481060912058943,0.2809070332873031,0.4490832245574115,0.2809070332873031,0.10433591800313168,2.692332982385525
Snacks,4283,912058,2973481.53,2516605.1,1510797.61,1005807.49,158377.39,292218.01,555212.09,555212.09,12.874688302591641,0.17416048670165651,0.16779024195935133,0.22061947263795975,0.3996683826159297,0.22061947263795975,0.11611595716785283,1.8999927143436504
Dairy & Breakfast,2925,620692,2681355.06,2268937.27,1275821.3,993115.97,142264.96,230501.18,620349.83,620349.83,12.854755555555556,0.15702074959584553,0.18747547099549375,0.27340986381699306,0.43770093740846344,0.27340986381699306,0.1015899306903271,2.6913086952526664
