Product_Category,actual_net_revenue,budget_net_revenue,actual_profit,budget_profit,below_budget_months,total_months,revenue_variance,profit_variance,revenue_budget_achievement,profit_budget_achievement,below_budget_rate
Beverages,3737688.56,3984760.8852000004,524201.65,563492.032,16,36,-247072.3252000003,-39290.38199999998,0.9379956960234016,0.9302734026947164,0.4444444444444444
Snacks,2516605.1,2642510.9036000003,555212.09,590817.949,14,36,-125905.80360000022,-35605.859000000055,0.9523537240930686,0.9397346355839977,0.3888888888888889
Household,3160720.02,3172340.3824,832221.58,842717.81,14,36,-11620.362399999984,-10496.230000000098,0.99633697491465,0.9875447867893048,0.3888888888888889
Dairy & Breakfast,2268937.27,2256388.3880000003,620349.83,623005.402,13,36,12548.88199999975,-2655.5720000000438,1.0055614902411028,0.9957374815828642,0.3611111111111111
Personal Care,2765969.05,2725637.8564,776980.16,776072.31,12,36,40331.19359999988,907.8499999999767,1.0147969744055687,1.0011698007882797,0.3333333333333333
