Product_Category,order_count,units_sold,gross_sales,net_revenue,cogs,gross_profit,logistics_cost,marketing_spend,profit,contribution_profit,avg_discount_pct,revenue_share,profit_share,profit_margin,gross_margin,contribution_margin,marketing_ratio,marketing_efficiency,portfolio_segment,strategic_action
Household,3237,683008,3739362.54,3160720.02,1775830.31,1384889.71,232137.42,320530.71,832221.58,832221.58,13.097571825764597,0.218736160477013,0.2515050784863017,0.2633012651338855,0.4381564014644992,0.2633012651338855,0.1014106621186902,2.596386411773149,Core Growth,Scale and defend category leadership.
Personal Care,3439,686448,3266698.71,2765969.05,1523818.75,1242150.3,176580.22,288589.92,776980.16,776980.16,12.820639720849083,0.1914176030040305,0.2348106091205894,0.2809070332873031,0.4490832245574115,0.2809070332873031,0.1043359180031316,2.692332982385525,Core Growth,Scale and defend category leadership.
Beverages,4356,981268,4419617.21,3737688.56,2505214.86,1232473.7,276179.84,432092.21,524201.65,524201.65,13.02089072543618,0.2586650002214545,0.1584185994382637,0.1402475464675954,0.329742213727941,0.1402475464675954,0.1156041235281518,1.213170795187444,Margin Improvement,"Improve margin through pricing, cost, promotion, or mix optimization."
Dairy & Breakfast,2925,620692,2681355.06,2268937.27,1275821.3,993115.97,142264.96,230501.18,620349.83,620349.83,12.854755555555556,0.1570207495958455,0.1874754709954937,0.273409863816993,0.4377009374084634,0.273409863816993,0.1015899306903271,2.6913086952526664,Niche Opportunity,Test selective growth and targeted marketing.
Snacks,4283,912058,2973481.53,2516605.1,1510797.61,1005807.49,158377.39,292218.01,555212.09,555212.09,12.87468830259164,0.1741604867016565,0.1677902419593513,0.2206194726379597,0.3996683826159297,0.2206194726379597,0.1161159571678528,1.8999927143436504,Review / Rationalize,Review strategic fit and resource allocation.
