Sales_Channel,order_count,units_sold,gross_sales,net_revenue,cogs,logistics_cost,marketing_spend,profit,contribution_profit,avg_discount_pct,revenue_share,profit_margin,contribution_margin,marketing_ratio,marketing_efficiency
Wholesale,2848,1456048,6363163.57,5208657.92,3158966.47,280998.5,419413.7,1349279.25,1349279.25,18.071973314606744,0.3604627513508725,0.25904547212038836,0.25904547212038836,0.08052241219173788,3.2170605061303434
Distributor,3629,1227016,5293893.4,4451811.56,2620527.07,284669.62,423220.89,1123393.98,1123393.98,15.791581702948472,0.30808555064664717,0.2523453575829252,0.2523453575829252,0.09506711690195621,2.654391610962304
Modern Trade,6219,860610,3866687.09,3371020.34,1979798.74,267043.0,463912.39,660266.21,660266.21,12.550921369995175,0.23328989641465142,0.19586538893443758,0.19586538893443758,0.13761779615960432,1.423256253190392
Online,5544,339800,1556770.99,1418430.18,832190.55,152828.71,257385.05,176025.87,176025.87,8.859606782106782,0.09816180158782886,0.12409907268047554,0.12409907268047554,0.1814576802081298,0.6839009103287079
