Sales_Channel,gross_sales,net_revenue,cogs,gross_profit,logistics_cost,marketing_spend,contribution_profit,profit,units_sold,order_count,revenue_share,gross_margin,contribution_margin,profit_margin,marketing_ratio,logistics_ratio
Wholesale,6363163.57,5208657.92,3158966.47,2049691.45,280998.5,419413.7,1349279.25,1349279.25,1456048,2848,0.3604627513508725,0.3935162342164332,0.25904547212038836,0.25904547212038836,0.08052241219173788,0.05394834990430702
Distributor,5293893.4,4451811.56,2620527.07,1831284.49,284669.62,423220.89,1123393.98,1123393.98,1227016,3629,0.30808555064664717,0.4113571442363567,0.2523453575829252,0.2523453575829252,0.09506711690195621,0.0639446697514753
Modern Trade,3866687.09,3371020.34,1979798.74,1391221.6,267043.0,463912.39,660266.21,660266.21,860610,6219,0.23328989641465142,0.4127004466546767,0.19586538893443758,0.19586538893443758,0.13761779615960432,0.07921726156063479
Online,1556770.99,1418430.18,832190.55,586239.63,152828.71,257385.05,176025.87,176025.87,339800,5544,0.09816180158782886,0.4133017178187791,0.12409907268047554,0.12409907268047554,0.1814576802081298,0.10774496493017371
