Product_Category,gross_sales,net_revenue,cogs,gross_profit,logistics_cost,marketing_spend,contribution_profit,profit,units_sold,order_count,revenue_share,profit_share,gross_margin,contribution_margin,profit_margin,cogs_ratio,logistics_ratio,marketing_ratio
Beverages,4419617.21,3737688.56,2505214.86,1232473.7,276179.84,432092.21,524201.65,524201.65,981268,4356,0.25866500022145456,0.1584185994382637,0.329742213727941,0.14024754646759546,0.14024754646759546,0.670257786272059,0.07389054373219368,0.11560412352815186
Household,3739362.54,3160720.02,1775830.31,1384889.71,232137.42,320530.71,832221.58,832221.58,683008,3237,0.21873616047701305,0.25150507848630177,0.4381564014644992,0.2633012651338855,0.2633012651338855,0.5618435985355008,0.0734444742119234,0.10141066211869029
Personal Care,3266698.71,2765969.05,1523818.75,1242150.3,176580.22,288589.92,776980.16,776980.16,686448,3439,0.1914176030040305,0.23481060912058943,0.4490832245574115,0.2809070332873031,0.2809070332873031,0.5509167754425885,0.06384027326697672,0.10433591800313168
Snacks,2973481.53,2516605.1,1510797.61,1005807.49,158377.39,292218.01,555212.09,555212.09,912058,4283,0.17416048670165651,0.16779024195935133,0.3996683826159297,0.22061947263795975,0.22061947263795975,0.6003316173840704,0.0629329528101171,0.11611595716785283
Dairy & Breakfast,2681355.06,2268937.27,1275821.3,993115.97,142264.96,230501.18,620349.83,620349.83,620692,2925,0.15702074959584553,0.18747547099549375,0.43770093740846344,0.27340986381699306,0.27340986381699306,0.5622990625915365,0.06270114290114331,0.1015899306903271
