Region,gross_sales,net_revenue,cogs,gross_profit,logistics_cost,marketing_spend,contribution_profit,profit,units_sold,order_count,revenue_share,gross_margin,contribution_margin,profit_margin,marketing_ratio,logistics_ratio
Europe,5688917.8,4811497.42,2839662.33,1971835.09,312738.43,523676.26,1135420.4,1135420.4,1168906,5532,0.3329774434737355,0.4098173433084788,0.23598067314353874,0.23598067314353874,0.10883852037896344,0.06499814978597661
North America,3955446.16,3337777.37,1972189.55,1365587.82,216987.85,368430.87,780169.1,780169.1,876372,4150,0.2309893321208699,0.4091308881994128,0.23373910645214782,0.23373910645214782,0.11038209837224704,0.0650096833750179
Asia,3478530.3,2946505.41,1757241.35,1189264.06,201231.27,317712.33,670320.46,670320.46,941879,4420,0.20391153791854905,0.40361848851993115,0.22749676879093186,0.22749676879093186,0.10782682730591016,0.06829489242308907
South America,2044202.18,1728515.24,1020180.19,708335.05,124377.39,179731.07,404226.59,404226.59,510620,2303,0.11962109409602267,0.40979392811138887,0.2338576951164168,0.2338576951164168,0.10398003201869369,0.07195620097627835
Oceania,1913418.61,1625624.56,1002209.41,623415.15,130204.89,174381.5,318828.76,318828.76,385697,1835,0.11250059239082293,0.3834926989538101,0.19612693351532534,0.19612693351532534,0.10727046348266293,0.08009530195582183
