Promotion_Type,order_count,units_sold,net_revenue,profit,marketing_spend,avg_discount_pct,revenue_share,profit_margin,marketing_ratio,marketing_efficiency
No Promo,6741,1438634,5587181.47,1432411.66,452421.75,8.858387479602433,0.3866582977622022,0.25637464394010456,0.0809749517586369,3.1660981374127126
Bundle Offer,2784,615463,2220908.58,487231.45,259855.95,14.821860632183908,0.15369694641908055,0.21938383884310989,0.11700434333051206,1.8750059407914268
Seasonal Campaign,2895,602478,2216237.58,477538.93,266508.37,13.817785837651122,0.1533736920342812,0.21547280594348553,0.12025261750141426,1.7918346429419834
Flash Discount,2140,452027,1593444.48,306545.88,236780.34,17.720228971962616,0.11027358490566039,0.19237939184426434,0.14859654225291866,1.2946424521562898
Festival Campaign,1531,329545,1183731.71,218696.37,178390.14,16.54694970607446,0.0819196030151032,0.1847516359935986,0.15070149637201155,1.2259442702382541
Loyalty Cashback,1398,293784,1114225.3,281314.87,91062.17,12.229320457796852,0.0771094442045354,0.2524757515378622,0.08172689132081276,3.089261654977034
Introductory Offer,751,151543,534190.88,105226.15,78913.31,19.462410119840214,0.03696843165913722,0.19698230340435613,0.14772492933612044,1.3334398214952585
