Region,order_count,units_sold,net_revenue,profit,marketing_spend,logistics_cost,revenue_share,profit_margin,marketing_ratio,logistics_ratio
Europe,5532,1168906,4811497.42,1135420.4,523676.26,312738.43,0.3329774434737355,0.23598067314353874,0.10883852037896344,0.06499814978597661
North America,4150,876372,3337777.37,780169.1,368430.87,216987.85,0.2309893321208699,0.23373910645214782,0.11038209837224704,0.0650096833750179
Asia,4420,941879,2946505.41,670320.46,317712.33,201231.27,0.20391153791854905,0.22749676879093186,0.10782682730591016,0.06829489242308907
South America,2303,510620,1728515.24,404226.59,179731.07,124377.39,0.11962109409602267,0.2338576951164168,0.10398003201869369,0.07195620097627835
Oceania,1835,385697,1625624.56,318828.76,174381.5,130204.89,0.11250059239082293,0.19612693351532534,0.10727046348266293,0.08009530195582183
